title,categories/0,categories/1,categories/2,categories/3,categories/4,categories/5,categories/6,categories/7,categories/8,categories/9,address,neighborhood,street,city,postalCode,state,countryCode,website,emails,phone,phoneUnformatted,location/lat,location/lng,plusCode,categoryName
Tidal Plumbing and Heating Ltd,Plumber,Bathroom remodeler,Gas engineer,Heating contractor,,,,,,,"11 Effingham Gardens, Sholing, Southampton SO19 8GF, United Kingdom",Sholing,11 Effingham Gardens,Southampton,SO19 8GF,,GB,http://www.tidalplumbingandheating.co.uk/,info@tidalplumbingandheating.co.uk,+44 7377 794212,+447377794212,50.9041638,-1.345858,"WM33+MM Southampton, United Kingdom",Plumber
South Plumbing Services,Plumber,Gas engineer,,,,,,,,,"12 Langbar Cl, Southampton SO19 7JH, United Kingdom",,12 Langbar Cl,Southampton,SO19 7JH,,GB,https://www.southplumbing.co.uk/,info@southplumbing.co.uk,+44 7737 424073,+447737424073,50.9111684,-1.3697327,"WJ6J+F4 Southampton, United Kingdom",Plumber
Brennan & Son,Plumber,Gas engineer,Heating contractor,,,,,,,,"35 Chafen Rd, Southampton SO18 1BD, United Kingdom",,35 Chafen Rd,Southampton,SO18 1BD,,GB,https://www.brennanheating.co.uk/,info@brennanheating.co.uk,+44 23 8022 5566,+442380225566,50.9190291,-1.3786152,"WJ9C+JH Southampton, United Kingdom",Plumber
Jetstream Draincleaning Limited,Drainage service,,,,,,,,,,"33A Portsmouth Rd, Woolston, Southampton SO19 9BA, United Kingdom",Woolston,33A Portsmouth Rd,Southampton,SO19 9BA,,GB,https://www.jetstreamdraincleaning.co.uk/,info@jetstreamdraincleaning.co.uk,+44 7789 475700,+447789475700,50.8981996,-1.3794696,"VJXC+76 Southampton, United Kingdom",Drainage service
Emergency Plumber Hampshire,Plumber,,,,,,,,,,"46 Coates Rd, Sholing, Southampton SO19 0HJ, United Kingdom",Sholing,46 Coates Rd,Southampton,SO19 0HJ,,GB,http://www.emergencyplumberhampshire.co.uk/,paul@emergencyplumberhampshire.co.uk,+44 7852 583351,+447852583351,50.901154,-1.3342977,"WM28+F7 Southampton, United Kingdom",Plumber
CH Electrical Contractors Ltd,Electrician,,,,,,,,,,"20 Quayside Rd, Southampton SO18 1EG, United Kingdom",,20 Quayside Rd,Southampton,SO18 1EG,,GB,https://chelectricalcontractor.com/,chris@chelectricalcontractor.com,+44 7399 806174,+447399806174,50.9160911,-1.3812019,"WJ89+CG Southampton, United Kingdom",Electrician
Parker's Electrical,Electrician,,,,,,,,,,"25 Taunton Dr, Southampton SO18 5BX, United Kingdom",,25 Taunton Dr,Southampton,SO18 5BX,,GB,http://parkerselectrical.co.uk/,contact@parkerselectrical.co.uk,+44 7497 378070,+447497378070,50.9177356,-1.3483705,"WM92+3M Southampton, United Kingdom",Electrician
HG Electrical,Electrician,,,,,,,,,,"Unit 1, H G Electrical LTD, Muira Industrial Estate, William St, Northam, Southampton SO14 5QH, United Kingdom",Northam,"Unit 1, H G Electrical LTD, Muira Industrial Estate, William St",Southampton,SO14 5QH,,GB,http://www.hgehome.co.uk/,info@hgehome.co.uk,+44 23 8201 1863,+442382011863,50.9099304,-1.3841576,"WJ58+X8 Southampton, United Kingdom",Electrician
AV Electrical & Property Solutions Limited,Electrician,Advertising agency,Automation company,Internet service provider,,,,,,,"37A Victoria Rd, Woolston, Southampton SO19 9DY, United Kingdom",Woolston,37A Victoria Rd,Southampton,SO19 9DY,,GB,http://www.electricalpropertysolutions.co.uk/,info@aveps.co.uk,+44 23 8020 0563,+442380200563,50.8968559,-1.3798122,"VJWC+P3 Southampton, United Kingdom",Electrician
J Thorn Electrical,Electrician,,,,,,,,,,"Oakbank Rd, Woolston, Southampton SO19 9DT, United Kingdom",Woolston,Oakbank Rd,Southampton,SO19 9DT,,GB,https://www.jthornelectrical.co.uk/,info@jthornelectrical.com,+44 23 8044 0488,+442380440488,50.8983706,-1.3793079,"VJXC+87 Southampton, United Kingdom",Electrician
ABM Electrical Solutions,Electrician,,,,,,,,,,"Centenary Quay, Unit 1 Azera, Capstan Rd, Southampton SO19 9UR, United Kingdom",Woolston,"Centenary Quay, Unit 1 Azera, Capstan Rd",Southampton,SO19 9UR,,GB,https://www.abmelectricalsolutions.co.uk/,info@abmelectricalsolutions.co.uk,+44 23 8254 4189,+442382544189,50.8950344,-1.3829518,"VJW8+2R Southampton, United Kingdom",Electrician
Primal Building Services Ltd,Solar energy company,Electrician,Solar panel maintenance service,,,,,,,,"International Way, Weston, Southampton SO19 9NY, United Kingdom",Weston,International Way,Southampton,SO19 9NY,,GB,https://primalbuildingservices.co.uk/,info@primalbuildingservices.com,+44 800 048 7934,+448000487934,50.8861547,-1.3681752,"VJPJ+FP Southampton, United Kingdom",Solar energy company
Neil's Electrical Services,Electrician,,,,,,,,,,"Suite 74, 151 High St, Southampton SO14 2BT, United Kingdom",,"Suite 74, 151 High St",Southampton,SO14 2BT,,GB,http://www.nes247.co.uk/,neil@neilselectricalservices.co.uk,+44 23 8032 8104,+442380328104,50.900678,-1.40423,"WH2W+78 Southampton, United Kingdom",Electrician
Jenkins Electrical Maintenance Services - Electrician in Southampton,Electrician,Electrical installation service,,,,,,,,,"21 Mount Pleasant Rd, Southampton SO14 0EF, United Kingdom",,21 Mount Pleasant Rd,Southampton,SO14 0EF,,GB,http://electricianinsouthampton.co.uk/,info@jenkinsems.co.uk,+44 23 8218 2809,+442382182809,50.9148351,-1.3946263,"WJ74+W4 Southampton, United Kingdom",Electrician
George Henry builders,Bricklayer,General contractor,,,,,,,,,"8 Cedar Ave, Shirley, Southampton SO15 5GW, United Kingdom",Shirley,8 Cedar Ave,Southampton,SO15 5GW,,GB,https://georgehenrybuilders.co.uk/,info@georgehenrybuilders.co.uk,+44 7909 333814,+447909333814,50.9217508,-1.4237895,"WHCG+PF Southampton, United Kingdom",Bricklayer
SHS Hants - Southampton Handyman Services Hampshire,Handyman/Handywoman/Handyperson,Bathroom remodeler,Building restoration service,Kitchen remodeler,Plumber,,,,,,"57, 77 Andersons Rd, Southampton SO14 5FF, United Kingdom",,"57, 77 Andersons Rd",Southampton,SO14 5FF,,GB,http://www.shshants.co.uk/,info@shshants.co.uk,+44 23 8030 8900,+442380308900,50.8995156,-1.3914945,"VJX5+RC Southampton, United Kingdom",Handyman/Handywoman/Handyperson
Scotts Garden Services,Gardener,,,,,,,,,,"144 Adelaide Rd, Southampton SO17 2HX, United Kingdom",,144 Adelaide Rd,Southampton,SO17 2HX,,GB,https://www.facebook.com/scottsgardenservice?ref=stream,scottsgardenserviceshampshire@gmail.com,+44 7766 220883,+447766220883,50.9247416,-1.3857058,"WJF7+VP Southampton, United Kingdom",Gardener
Debbie Carroll Garden Designs,Landscape designer,Garden,,,,,,,,,"104 Newtown Rd, Sholing, Southampton SO19 9HQ, United Kingdom",Sholing,104 Newtown Rd,Southampton,SO19 9HQ,,GB,http://www.dcgardendesigns.co.uk/, debbie@dcgardendesigns.co.uk,+44 7821 546950,+447821546950,50.8919192,-1.3545737,"VJRW+Q5 Southampton, United Kingdom",Landscape designer
Gutter and Garden Guys,Gutter cleaning service,Garden,Gardener,Gutter service,Landscaper,Pressure washing service,,,,,"15 Rockstone Pl, Southampton SO15 2EP, United Kingdom",,15 Rockstone Pl,Southampton,SO15 2EP,,GB,https://ggguys.co.uk/,book@ggguys.co.uk,+44 7872 306570,+447872306570,50.9145564,-1.4029538,"WH7W+RR Southampton, United Kingdom",Gutter cleaning service
Acre Landscapes,Landscaper,Gardener,,,,,,,,,"53 Chapel Cres, Sholing, Southampton SO19 8JU, United Kingdom",Sholing,53 Chapel Cres,Southampton,SO19 8JU,,GB,http://www.acrelandscapes.net/,dan@acrelandscapes.net,+44 7795 822244,+447795822244,50.901785,-1.3536751,"WJ2W+PG Southampton, United Kingdom",Landscaper
Mark Arnold Gardening Services,Gardener,,,,,,,,,,"10 Freemantle Cl, Southampton SO19 7BB, United Kingdom",,10 Freemantle Cl,Southampton,SO19 7BB,,GB,http://www.markarnoldgardening.co.uk/, enquiries@markarnoldgardening.co.uk,+44 7962 164650,+447962164650,50.9096482,-1.3658608,"WJ5M+VM Southampton, United Kingdom",Gardener
Flash Home Painting & Handyman Services,Handyman/Handywoman/Handyperson,Painter,Property maintenance,,,,,,,,"Anson Dr, Sholing, Southampton SO19 8RW, United Kingdom",Sholing,Anson Dr,Southampton,SO19 8RW,,GB,http://www.flashhomeservices.co.uk/,handyflashhomeservices@gmail.com,+44 7553 029015,+447553029015,50.9062225,-1.3432938,"WM44+FM Southampton, United Kingdom",Handyman/Handywoman/Handyperson
Timbafix,Carpenter,Deck builder,Door supplier,Fence contractor,Flooring contractor,Handyman/Handywoman/Handyperson,Painter,Property maintenance,,,"29 Henry Rd, Shirley, Southampton SO15 3HB, United Kingdom",Shirley,29 Henry Rd,Southampton,SO15 3HB,,GB,https://timbafix.com/,sales@timbafix.com,+44 7379 631889,+447379631889,50.9184641,-1.4319182,"WH99+96 Southampton, United Kingdom",Carpenter
Hampshire Premium Handyman,Handyman/Handywoman/Handyperson,,,,,,,,,,"73 Portswood Rd, Southampton SO17 2FU, United Kingdom",,73 Portswood Rd,Southampton,SO17 2FU,,GB,https://www.facebook.com/share/1RzNu6SiKL/?mibextid=wwXIfr,shad.tofiq@gmail.com,+44 7876 498012,+447876498012,50.9224129,-1.3957284,"WJC3+XP Southampton, United Kingdom",Handyman/Handywoman/Handyperson
Oddjob Handyman Services,Handyman/Handywoman/Handyperson,,,,,,,,,,"Centenary Quay, Woolston, Southampton SO19 9UD, United Kingdom",Woolston,Centenary Quay,Southampton,SO19 9UD,,GB,https://oddjobhandymanservices.co.uk/,jimbo385@gmail.com,+44 23 8000 0234,+442380000234,50.8942279,-1.382813,"VJV8+MV Southampton, United Kingdom",Handyman/Handywoman/Handyperson
TW Builders,Building firm,,,,,,,,,,"81 Millais Rd, Southampton SO19 2FX, United Kingdom",,81 Millais Rd,Southampton,SO19 2FX,,GB,https://www.twbuilders.co.uk/,info@twbuilders.co.uk,+44 7770 395026,+447770395026,50.9017324,-1.3682475,"WJ2J+MP Southampton, United Kingdom",Building firm
BMS House Conversions LTD,Home builder,,,,,,,,,,"141 Victoria Rd, Woolston, Southampton SO19 9EG, United Kingdom",Woolston,141 Victoria Rd,Southampton,SO19 9EG,,GB,https://www.bmshouseconversionsltd.co.uk/,bms.houseconversions@gmail.com,+44 7703 599133,+447703599133,50.89296,-1.381207,"VJV9+5G Southampton, United Kingdom",Home builder
Supremacy Roof Care Ltd,Roofing contractor,Service establishment,,,,,,,,,,,,,,,,https://www.supremacyroofcare.co.uk/,info@supremacyroofcare.co.uk,+44 23 8184 9681,+442381849681,50.9138207,-1.4004929,,Roofing contractor
N Joslin Roofing,Roofing contractor,,,,,,,,,,"2 Mansbridge Rd, Southampton SO18 2LD, United Kingdom",,2 Mansbridge Rd,Southampton,SO18 2LD,,GB,https://www.njoslinroofing.com/,info@njoslinroofing.com,+44 7502 047790,+447502047790,50.9412496,-1.3728663,"WJRG+FV Southampton, United Kingdom",Roofing contractor
HIGHLIGHT ROOFING AND BUILDING LTD,Roofing contractor,,,,,,,,,,"45 Lodge Rd, so14 SO14 6RL, United Kingdom",,45 Lodge Rd,so14,SO14 6RL,,GB,https://www.highlightroofingbuilding.co.uk/,info@highlightroofingbuilding.co.uk,+44 7957 023517,+447957023517,50.9194665,-1.3976757,"WJ92+QW Southampton, United Kingdom",Roofing contractor
Protec Roofing (Southern) Ltd,Roofing contractor,,,,,,,,,,"Rear of Units, 3 & 4 Lower Vicarage Rd, Southampton SO19 7RJ, United Kingdom",,"Rear of Units, 3 & 4 Lower Vicarage Rd",Southampton,SO19 7RJ,,GB,http://www.protecroofingltd.co.uk/,info@protecroofingltd.co.uk,+44 1489 298003,+441489298003,50.9001502,-1.3812731,"WJ29+3F Southampton, United Kingdom",Roofing contractor
Hampshire Roofers Ltd,Roofing contractor,Roofing supply store,,,,,,,,,"15 Rockstone Pl, Southampton SO15 2EP, United Kingdom",,15 Rockstone Pl,Southampton,SO15 2EP,,GB,https://www.approvedroofers.co.uk/free-roofing-quote,info@approvedroofers.co.uk,+44 23 8181 0383,+442381810383,50.9145976,-1.4029097,"WH7W+RR Southampton, United Kingdom",Roofing contractor
M Russell Roofing & Building,Roofing contractor,,,,,,,,,,"77 Victoria Rd, Woolston, Southampton SO19 9DZ, United Kingdom",Woolston,77 Victoria Rd,Southampton,SO19 9DZ,,GB,http://mrussellroofing.co.uk/,marcandharvey@gmail.com,+44 7720 609455,+447720609455,50.8947084,-1.3800448,"VJV9+VX Southampton, United Kingdom",Roofing contractor
SPP Roofing Ltd,Roofing contractor,Chimney services,Gutter service,,,,,,,,"185 Kingsclere Ave, Weston, Southampton SO19 9JR, United Kingdom","Weston, Southampton",185 Kingsclere Ave,Southampton,SO19 9JR,,GB,http://www.spproofing.co.uk/,"
spproofing@aol.com",+44 23 8168 1911,+442381681911,50.885916,-1.3626066,"VJPP+9X Southampton, United Kingdom",Roofing contractor
The Roofing Division,Roofing contractor,,,,,,,,,,"Unit 20, Longbridge Industrial Park, Floating Bridge Rd, Southampton SO14 3FL, United Kingdom",,"Unit 20, Longbridge Industrial Park, Floating Bridge Rd",Southampton,SO14 3FL,,GB,https://www.theroofingdivision.com/,info@theroofingdivision.com,+44 23 8046 3778,+442380463778,50.8985774,-1.3891263,"VJX6+C8 Southampton, United Kingdom",Roofing contractor
Pack & Stack Removals,Moving and storage service,Delivery service,House clearance service,Mover,Packaging contractors and services,Piano moving service,Shipping company,,,,"Frobisher House, Southbrook Rd, Nelson Gate, Southampton SO15 1GX, United Kingdom","Nelson Gate, Southampton","Frobisher House, Southbrook Rd",Southampton,SO15 1GX,,GB,https://www.packandstackremovals.co.uk/, packandstackremovals@outlook.com,+44 23 8218 2968,+442382182968,50.9084682,-1.4134772,"WH5P+9J Southampton, United Kingdom",Moving and storage service
Atlantic Laundry & Dry Cleaners,Dry cleaner,Carpet cleaning service,Clothing alteration service,Laundromat,,,,,,,"44 Thornhill Park Rd, Thornhill, Southampton SO18 5TQ, United Kingdom",Thornhill,44 Thornhill Park Rd,Southampton,SO18 5TQ,,GB,http://atlantic-cleaners.com/,delivery@atlantic-cleaners.com,+44 23 8046 3694,+442380463694,50.9144622,-1.3366656,"WM77+Q8 Southampton, United Kingdom",Dry cleaner
Southampton Fencing Pros,Fence contractor,,,,,,,,,,"292 Shirley Rd, Shirley, Southampton SO15 3HL, United Kingdom",Shirley,292 Shirley Rd,Southampton,SO15 3HL,,GB,https://southamptonfencingpros.com/,info@southamptonfencingpros.com,+44 23 9431 1777,+442394311777,50.9165805,-1.4262776,"WH8F+JF Southampton, United Kingdom",Fence contractor
HB Carpentry LTD,Carpenter,,,,,,,,,,"45 Glenfield Cres, Southampton SO18 4RG, United Kingdom",,45 Glenfield Cres,Southampton,SO18 4RG,,GB,https://www.hbcarpentryltd.com/,INFO@HBCARPENTRYANDBUILDING.CO.UK,+44 7724 344797,+447724344797,50.9169327,-1.3647985,"WJ8P+Q3 Southampton, United Kingdom",Carpenter
Mike Bott Carpentry & Construction,Carpenter,,,,,,,,,,"119 Avenue Rd, Southampton SO14 6BD, United Kingdom",,119 Avenue Rd,Southampton,SO14 6BD,,GB,http://www.mikebottcarpentry.co.uk/,info@mikebottcarpentry.co.uk,+44 7840 331363,+447840331363,50.9212236,-1.3976012,"WJC2+FX Southampton, United Kingdom",Carpenter
MDC Carpentry Workshop,Carpenter,,,,,,,,,,"22 Floating Bridge Rd, Southampton SO14 3FL, United Kingdom",,22 Floating Bridge Rd,Southampton,SO14 3FL,,GB,http://www.mdccarpentryworkshop.co.uk/, info@mdccarpentryworkshop.co.uk,+44 23 8063 7242,+442380637242,50.8983902,-1.3878926,"VJX6+9R Southampton, United Kingdom",Carpenter
Mark Lloyd Carpentry & Associated Works,Carpenter,Building firm,Door shop,Joiner,Kitchen furniture store,Kitchen remodeler,Office refurbishment service,Repair service,Stair contractor,Woodworking supply store,"84 Copsewood Rd, Southampton SO18 1QU, United Kingdom",,84 Copsewood Rd,Southampton,SO18 1QU,,GB,http://www.marklloydcarpentry.co.uk/,info@marklloydcarpentry.co.uk,+44 7970 649742,+447970649742,50.9303961,-1.3679165,"WJJJ+5R Southampton, United Kingdom",Carpenter
D C Best & Sons,Painter,,,,,,,,,,"13 Furze Rd, Southampton SO19 8PF, United Kingdom",,13 Furze Rd,Southampton,SO19 8PF,,GB,http://www.pabdecorating.co.uk/,info@pabdecorating.co.uk,+44 7740 797163,+447740797163,50.9059448,-1.3570823,"WJ4V+95 Southampton, United Kingdom",Painter
J C L Projects,Carpenter,Kitchen remodeler,Stair contractor,,,,,,,,"Unit 21, Loveridge Trading Estate, Southbrook Rd, Southampton SO15 1GQ, United Kingdom",,"Unit 21, Loveridge Trading Estate, Southbrook Rd",Southampton,SO15 1GQ,,GB,https://www.jclprojects.co.uk/,tim@jclprojects.co.uk,+44 23 8168 1612,+442381681612,50.9077836,-1.417808,"WH5J+4V Southampton, United Kingdom",Carpenter
Colours By Artisan Painting & Decorating,Painter,,,,,,,,,,"557 Bitterne Rd. E, Southampton SO18 5EQ, United Kingdom",,557 Bitterne Rd. E,Southampton,SO18 5EQ,,GB,http://coloursbyartisan.co.uk/, dean@coloursbyartisan.co.uk ,+44 7875 006162,+447875006162,50.9148658,-1.3504861,"WJ7X+WR Southampton, United Kingdom",Painter
Adam Klos Painter & Decorator Ltd,Painter,Office refurbishment service,Property maintenance,,,,,,,,"12 Shirley High St, Shirley, Southampton SO15 3NH, United Kingdom",Shirley,12 Shirley High St,Southampton,SO15 3NH,,GB,http://www.adamklospainter.co.uk/,adamklosgm@gmail.com,+44 7438 076278,+447438076278,50.9211947,-1.432258,"WHC9+F3 Southampton, United Kingdom",Painter
PerfectPrep Decorating Service,Painter,Contractor,Interior Decorator,Office refurbishment service,Painting,Water damage restoration service,,,,,"16B Waterloo Rd, Southampton SO15 3AR, United Kingdom",,16B Waterloo Rd,Southampton,SO15 3AR,,GB,http://www.perfectprepdecorating.co.uk/,perfectprep.decorating@gmail.com,+44 7415 089587,+447415089587,50.9099811,-1.420153,"WH5H+XW Southampton, United Kingdom",Painter
RDS PAINTING & DECORATING,Painter,Interior Decorator,Painting,,,,,,,,"14 Lacon Cl, Southampton SO18 1JA, United Kingdom",,14 Lacon Cl,Southampton,SO18 1JA,,GB,http://www.paintinghampshire.co.uk/,info@paintinghampshire.co.uk,+44 7812 075482,+447812075482,50.9228419,-1.3715382,"WJFH+49 Southampton, United Kingdom",Painter
Pastilles Painting And Decorating,Painter,,,,,,,,,,"103 Witts Hill, Southampton SO18 4QL, United Kingdom",,103 Witts Hill,Southampton,SO18 4QL,,GB,https://pastillespainting.co.uk/,"
pastillespainting@gmail.com",+44 7360 094318,+447360094318,50.923231,-1.3608584,"WJFQ+7M Southampton, United Kingdom",Painter
TILE INFINITY,Tile contractor,Bathroom remodeler,Flooring contractor,Kitchen remodeler,,,,,,,"Middle Rd, Sholing, Southampton SO19 8FR, United Kingdom",Sholing,Middle Rd,Southampton,SO19 8FR,,GB,https://tileinfinity.co.uk/tiler-southampton,info@tileinfinity.co.uk,+44 7469 800879,+447469800879,50.9025318,-1.3601613,"WJ3Q+2W Southampton, United Kingdom",Tile contractor
Precision Tiling,Tile contractor,Bathroom remodeler,Flooring contractor,,,,,,,,"4a Inkerman Rd, Woolston, Southampton SO19 9DA, United Kingdom",Woolston,4a Inkerman Rd,Southampton,SO19 9DA,,GB,https://www.facebook.com/adsmundy1985,"
precisiontilingsouth@gmail.com",+44 7534 396648,+447534396648,50.8971131,-1.3780859,"VJWC+RQ Southampton, United Kingdom",Tile contractor
PAB Decorating,Painter,,,,,,,,,,"13 Furze Cl, Sholing, Southampton SO19 8PF, United Kingdom",Sholing,13 Furze Cl,Southampton,SO19 8PF,,GB,http://www.pabdecorating.co.uk/,info@pabdecorating.co.uk,+44 7740 797163,+447740797163,50.9059896,-1.3570907,"WJ4V+95 Southampton, United Kingdom",Painter
Fencing Solutions,Fence contractor,Deck builder,Service establishment,Lawn care service,,,,,,,,,,,,,,https://fencingsolutionssouthampton.co.uk/,fencingsolutionssouth@gmail.com,+44 7518 390816,+447518390816,50.9322775,-1.4336391,,Fence contractor
Wren Building Contractors,Paving contractor,Asphalt contractor,Civil engineering company,Concrete contractor,Road construction company,,,,,,"Tagus House, 9 Ocean Way, Southampton SO14 3TJ, United Kingdom",,"Tagus House, 9 Ocean Way",Southampton,SO14 3TJ,,GB,"https://www.google.com/search?q=Wren+Building+Contractors&stick=H4sIAAAAAAAA_-NgU1I1qDCxMDcxSzUwTU00MzQxSjK2MqgwTE0yM0pKMzcyMzZISTO1XMQqGV6UmqfgVJqZk5KZl67gnJ9XUpSYXJJfVAwAzoM0j0UAAAA&hl=en&mat=CR1I3EoBFhn5ElcBTVDHnlFI2cv9bcLHoFmQbnaoAYwktRQhXiemDtYrakPyT9MeqdBQ9YoJP-gs1FviqMf9Z4vk9ii7LiBIWWVrP0_oNTFNfrQ4cVJ6FIEbetAy_pJbKZ4&authuser=0#lpc=lpc&scso=_dHJUacrUGqXXhbIP-tuboQU_64:0,_y3pUaa-4D46AhbIP5In1uQ4_63:979,_JX1UaaXYKvmIhbIP4_e70Ak_55:979",,+44 1489 690070,+441489690070,50.8948616,-1.3947915,"VJV4+W3 Southampton, United Kingdom",Paving contractor
SOUTHAMPTON FENCING LIMITED,Bead store,,,,,,,,,,"8 Gainsford Rd, Southampton SO19 7AR, United Kingdom",,8 Gainsford Rd,Southampton,SO19 7AR,,GB,https://smartbuildsolutions.site/,info@wren-uk.com,,,50.9064619,-1.3763795,"WJ4F+HC Southampton, United Kingdom",Bead store
Aztec Fencing,Fence contractor,,,,,,,,,,"18 Thornleigh Rd, Woolston, Southampton SO19 9DH, United Kingdom",Woolston,18 Thornleigh Rd,Southampton,SO19 9DH,,GB,https://www.aztecfencing.co.uk/,jamie@aztecfencing.co.uk,,,50.8958917,-1.3712264,"VJWH+9G Southampton, United Kingdom",Fence contractor
MA Fencing,Fence contractor,,,,,,,,,,"Freemantle Cl, Southampton SO19 7BB, United Kingdom",,Freemantle Cl,Southampton,SO19 7BB,,GB,https://mafencing.com/,enquiries@mafencing.com,+44 7962 164650,+447962164650,50.9096859,-1.3658796,"WJ5M+VJ Southampton, United Kingdom",Fence contractor
Mothline Preservations Ltd,Plasterer,Gutter cleaning service,Insulation contractor,,,,,,,,"284 Wimpson Ln, Southampton SO16 4PX, United Kingdom",,284 Wimpson Ln,Southampton,SO16 4PX,,GB,https://www.mothlinepreservations.co.uk/,"
mothline@hotmail.com",+44 23 8168 3854,+442381683854,50.9275538,-1.4508571,"WGHX+2M Southampton, United Kingdom",Plasterer
Hayward Fencing,General contractor,,,,,,,,,,"35 Middle Rd, Southampton SO52 9JD, United Kingdom",,35 Middle Rd,Southampton,SO52 9JD,,GB,http://www.hayward-fencing.co.uk/contact/legal-notice/,enquiries@hayward-fencing.co.uk,+44 7860 351582,+447860351582,50.8992225,-1.3613951,"VJXQ+MC Southampton, United Kingdom",General contractor
Daedalus Drylining & Plastering,Dry wall contractor,Contractor,Plasterer,,,,,,,,"Stanton Buildings, Unit 1 Stanton Rd, Regents Park Rd, Southampton SO15 4HU, United Kingdom",,"Stanton Buildings, Unit 1 Stanton Rd, Regents Park Rd",Southampton,SO15 4HU,,GB,http://www.daedalusdryliningplastering.co.uk/,info@daedalusdryliningplastering.co.uk,+44 7712 510413,+447712510413,50.9180561,-1.4411872,"WH95+6G Southampton, United Kingdom",Dry wall contractor
Extreme Plastering LTD,Contractor,,,,,,,,,,"35 Mill Rd, Southampton SO15 4JB, United Kingdom",,35 Mill Rd,Southampton,SO15 4JB,,GB,http://www.extremeplastering.co.uk/,info@extremeplastering.co.uk,+44 7743 043440,+447743043440,50.9167132,-1.4456036,"WH83+MQ Southampton, United Kingdom",Contractor
N. Cole Plastering and Dry Lining Limited,Contractor,,,,,,,,,,"First Floor, Sidney House, Hampshire House, 3-4 Lower Vicarage Rd, Woolston, Southampton SO19 7RJ, United Kingdom",Woolston,"First Floor, Sidney House, Hampshire House, 3-4 Lower Vicarage Rd",Southampton,SO19 7RJ,,GB,http://www.ncoleplastering.co.uk/,"
info@ncoleplastering.co.uk",+44 23 8042 1244,+442380421244,50.9003422,-1.3813112,"WJ29+4F Southampton, United Kingdom",Contractor
Crowley Plastering,Plasterer,,,,,,,,,,"4 Kellett Rd, Upper Shirley, Southampton SO15 7PR, United Kingdom",Upper Shirley,4 Kellett Rd,Southampton,SO15 7PR,,GB,http://www.crowleyplastering.co.uk/,info@crowleyplastering.co.uk,+44 7976 521601,+447976521601,50.9235968,-1.4155468,"WHFM+CQ Southampton, United Kingdom",Plasterer
B.Arnold Plastering & Rendering,Plasterer,,,,,,,,,,"The Greenwich, Gloucester Square, Southampton SO14 2GJ, United Kingdom",,"The Greenwich, Gloucester Square",Southampton,SO14 2GJ,,GB,http://barnoldplastering.co.uk/,"
b.arnoldplastering@yahoo.com",+44 7789 860786,+447789860786,50.8968226,-1.4040733,"VHWW+P9 Southampton, United Kingdom",Plasterer
DannySG Plastering,Plasterer,Painter,,,,,,,,,"30 Cunningham Cres, Sholing, Southampton SO19 8JY, United Kingdom",Sholing,30 Cunningham Cres,Southampton,SO19 8JY,,GB,https://www.facebook.com/profile.php?id=61552251391845,dannysguthrie@gmail.com,+44 7922 658054,+447922658054,50.9021704,-1.3532908,"WJ2W+VM Southampton, United Kingdom",Plasterer
Lion Commercial Cleaning Ltd,Cleaners,,,,,,,,,,"Director General's House, 15 Rockstone Pl, Southampton SO15 2EP, United Kingdom",,"Director General's House, 15 Rockstone Pl",Southampton,SO15 2EP,,GB,http://www.lionccl.co.uk/,info@lionccl.co.uk,+44 800 077 6799,+448000776799,50.9145976,-1.4029097,"WH7W+RR Southampton, United Kingdom",Cleaners
DixeyClean Ltd - Commercial Cleaners Southampton,Cleaners,Cleaning service,Gutter cleaning service,House cleaning service,Sandblasting service,,,,,,"33 Caerleon Dr, Southampton SO19 5LH, United Kingdom",,33 Caerleon Dr,Southampton,SO19 5LH,,GB,http://www.dixeyclean.co.uk/,richard@dixeyclean.co.uk,+44 800 772 0872,+448007720872,50.9106416,-1.3468417,"WM63+77 Southampton, United Kingdom",Cleaners
1st Choice Dry Cleaners,Dry cleaner,,,,,,,,,,"8 Floating Bridge Rd, Southampton SO14 3FL, United Kingdom",,8 Floating Bridge Rd,Southampton,SO14 3FL,,GB,http://www.1stchoicedrycleaners.com/,info@1stchoicedrycleaners.com,+44 7931 192265,+447931192265,50.8985725,-1.3894565,"VJX6+C6 Southampton, United Kingdom",Dry cleaner
The Waste Group - Skip Hire,Waste management service,Asbestos testing service,Junk removal service,Recycling center,,skip hire,asbestor removel,,,,"Lower Banister St, Southampton SO15 2RU, United Kingdom",,Lower Banister St,Southampton,SO15 2RU,,GB,https://www.thewastegroup.co.uk/areas/southampton/, info@thewastegroup.co.uk,+44 800 652 0160,+448006520160,50.9122656,-1.405675,"WH6V+WP Southampton, United Kingdom",Waste management service
Cleaning Queens,House cleaning service,Cleaners,,,,,,,,,"16 Weston Grove Rd, Woolston, Southampton SO19 9EL, United Kingdom",Woolston,16 Weston Grove Rd,Southampton,SO19 9EL,,GB,https://www.facebook.com/share/1BVwhiYetX/,cleaningqueens.south@gmail.com,+44 7784 119261,+447784119261,50.8932033,-1.3789089,"VJVC+7C Southampton, United Kingdom",House cleaning service
South Coast Metal Recycling and Waste Clearance Ltd,Waste management service,waste clearence,,,,,,,,,"6 Haweswater Close, Southampton SO16 9QW, United Kingdom",,6 Haweswater Close,Southampton,SO16 9QW,,GB,http://www.southcoastmetalrecyclingandwasteclearanceltd.co.uk/,southcoastmetalsandrecyclingltd@outlook.com,+44 7766 377740,+447766377740,50.9282777,-1.453713,"WGHW+8G Southampton, United Kingdom",Waste management service
L&S Waste Management,Waste management service,Aggregate supplier,Portable toilet supplier,Ready mix concrete supplier,,,,,,,"Ashley Cres, Southampton SO19 9NA, United Kingdom",Southampton,Ashley Cres,Southampton,SO19 9NA,,GB,https://lswaste.co.uk/online-ordering/skip-hire/,info@lswaste.co.ukcentralenquiries@southcoastclearanceservices.com,+44 1329 840000,+441329840000,50.8920058,-1.3437896,"VMR4+RF Southampton, United Kingdom",Waste management service
South Central House Clearance Services Limited,House clearance service,,,,,,,,,,"22 Ivy Dene, Sholing, Southampton SO19 0AB, United Kingdom",Sholing,22 Ivy Dene,Southampton,SO19 0AB,,GB,https://southcentralclearanceservices.com/,centralenquiries@southcoastclearanceservices.com,+44 800 634 4692,+448006344692,50.9027181,-1.3350133,"WM37+3X Southampton, United Kingdom",House clearance service
South Coast House Clearance Services Ltd,House clearance service,Landscaper,Salvage yard,Van rental agency,Waste management service,,,,,,"94 Victoria Rd, Woolston, Southampton SO19 9EF, United Kingdom",Woolston,94 Victoria Rd,Southampton,SO19 9EF,,GB,https://southcoastclearanceservices.com/,enquiries@southcoastclearanceservices.com,+44 808 134 8332,+448081348332,50.8942676,-1.380608,"VJV9+PQ Southampton, United Kingdom",House clearance service
Zero Waste Group Rubbish Removal,Waste management service,Garbage collection service,House clearance service,,,waste removal,,,,,"Unit F, Drivers Wharf, Questmap Business Park, Southampton SO14 0PF, United Kingdom",,"Unit F, Drivers Wharf, Questmap Business Park",Southampton,SO14 0PF,,GB,https://www.zerowastegroup.co.uk/,info@zerowastegroup.co.uk,+44 345 241 6055,+443452416055,50.9130097,-1.3845642,"WJ78+65 Southampton, United Kingdom",Waste management service
TJ Waste & Recycling,Waste management service,Garbage collection service,Garbage dump,Recycling center,,,,,,,"Dibles Wharf, Belvidere Road, Hampshire, Southampton SO14 5QY, United Kingdom","Hampshire, Southampton","Dibles Wharf, Belvidere Road",Southampton,SO14 5QY,,GB,https://www.tj-waste.co.uk/,enquiries@tj-group.co.uk,+44 1329 226170,+441329226170,50.9079415,-1.3877035,"WJ56+5W Southampton, United Kingdom",Waste management service
The Super Cleaners (Southampton),Cleaners,Carpet cleaning service,Gutter cleaning service,House cleaning service,Leather cleaning service,Window cleaning service,,,,,"Arena Business Centres, Southampton SO14 3LP, United Kingdom",,Arena Business Centres,Southampton,SO14 3LP,,GB,http://www.thesupercleaners.co.uk/,"info@thesupercleaners.co.uk
",+44 800 118 4075,+448001184075,50.9007853,-1.3973427,"WJ23+83 Southampton, United Kingdom",Cleaners
South Coast Driveways & Roofing Ltd,Roofing contractor,Fence contractor,Gutter cleaning service,Landscaper,Paving contractor,driveways,,,,,"69 Warren Ave, Shirley Warren, Southampton SO16 6AF, United Kingdom",Shirley Warren,69 Warren Ave,Southampton,SO16 6AF,,GB,https://www.scdr.co.uk/,info@scdr.co.uk,+44 23 8168 2257,+442381682257,50.9309601,-1.4388933,"WHJ6+9C Southampton, United Kingdom",Roofing contractor
Gassed Up Heating Ltd,Gas engineer,Appliance repair service,Gasfitter,Heating contractor,,,,,,,"55 Sullivan Rd, Sholing, Southampton SO19 0JF, United Kingdom",Sholing,55 Sullivan Rd,Southampton,SO19 0JF,,GB,http://www.gassedupheating.co.uk/,gassedupheating@gmail.com,+44 7415 380453,+447415380453,50.8992495,-1.3384325,"VMX6+MJ Southampton, United Kingdom",Gas engineer
BMC Clearance Services,House clearance service,Moving and storage service,,,,,,,,,"94 Green Ln, Southampton SO16 9FP, United Kingdom",,94 Green Ln,Southampton,SO16 9FP,,GB,https://bmcclearanceservices.co.uk/,BMC.Clearanceservices@outlook.com,+44 7917 415304,+447917415304,50.9327607,-1.4555543,"WGMV+4Q Southampton, United Kingdom",House clearance service
No1 House Clearance Southampton,House clearance service,,,,,,,,,,"9C Carlisle Rd, Shirley, Southampton SO16 4FG, United Kingdom",Shirley,9C Carlisle Rd,Southampton,SO16 4FG,,GB,https://no1houseclearancesouthampton.co.uk/,no1@no1houseclearancesouthampton.co.uk,+44 23 8202 9294,+442382029294,50.9228265,-1.4354619,"WHF7+4R Southampton, United Kingdom",House clearance service
ethiclear Ltd,Waste management service,House clearance service,,,man and van,,,,,,"15 Rockstone Pl, Southampton SO15 2EP, United Kingdom",,15 Rockstone Pl,Southampton,SO15 2EP,,GB,https://www.ethiclear.co.uk/,hello@ethiclear.co.uk,+44 23 8244 4108,+442382444108,50.9145564,-1.4029538,"WH7W+RR Southampton, United Kingdom",Waste management service
RP Heating Solutions Ltd,Gas engineer,,,,,,,,,,"24 Tilbrook Rd, Southampton SO15 4HL, United Kingdom",,24 Tilbrook Rd,Southampton,SO15 4HL,,GB,https://www.rpplumbingheating.co.uk/,info@rpplumbingheating.co.uk,+44 7802 810720,+447802810720,50.9199224,-1.4427874,"WH94+XV Southampton, United Kingdom",Gas engineer
Paul Freeman Tree Services,Arborist service,,,,,,,,,,"120 Thornhill Park Rd, Thornhill, Southampton SO18 5TS, United Kingdom",Thornhill,120 Thornhill Park Rd,Southampton,SO18 5TS,,GB,http://www.freemantrees.co.uk/,freemantrees@outlook.com,+44 7791 285235,+447791285235,50.914907,-1.3314938,"WM79+XC Southampton, United Kingdom",Arborist service
Thomas Air Services (TAS) Ltd,Air conditioning contractor,HVAC contractor,Refrigerator repair service,,,,,,,,"Unit 7B, Northbrook Industrial Estate, Vincent Ave, Southampton SO16 6PB, United Kingdom",,"Unit 7B, Northbrook Industrial Estate, Vincent Ave",Southampton,SO16 6PB,,GB,http://www.taslimited.co.uk/,info@taslimited.co.uk,+44 23 8077 4888,+442380774888,50.9320283,-1.427285,"WHJF+R3 Southampton, United Kingdom",Air conditioning contractor
HHS Air Conditioning Installation Southampton,Air conditioning contractor,,,,,,,,,,"15 English Rd, Southampton SO15 8PR, United Kingdom",,15 English Rd,Southampton,SO15 8PR,,GB,https://hhs-aircon.com/,info@hhs-aircon.com,+44 23 8070 3307,+442380703307,50.9182154,-1.434408,"WH98+76 Southampton, United Kingdom",Air conditioning contractor
Intelligent Air - Home & Office Air Conditioning,Air conditioning contractor,Air conditioning repair service,Air conditioning system supplier,,,,,,,,"Archway house, Wilton Rd, Southampton SO15 5JP, United Kingdom",,"Archway house, Wilton Rd",Southampton,SO15 5JP,,GB,http://www.intelligentair.co.uk/,hello@intelligentair.co.uk,+44 23 8218 2907,+442382182907,50.9301556,-1.4265375,"WHJF+39 Southampton, United Kingdom",Air conditioning contractor
Air cool mechanical services ltd,Air conditioning contractor,,,,,,,,,,"33a Portsmouth Rd, Woolston, Southampton SO19 9BA, United Kingdom",Woolston,33a Portsmouth Rd,Southampton,SO19 9BA,,GB,http://aircoolmech.co.uk/,info@aircoolmech.co.uk,+44 7432 598866,+447432598866,50.8981996,-1.3794696,"VJXC+76 Southampton, United Kingdom",Air conditioning contractor
Woodhouse Environmental Services,Mechanical engineer,,,,,,,,,,"1-2 Lower Vicarage Rd, Woolston, Southampton SO19 7RJ, United Kingdom",Woolston,1-2 Lower Vicarage Rd,Southampton,SO19 7RJ,,GB,https://woodhouseservices.co.uk/,enquiries@woodhouseservices.co.uk,+44 1489 797800,+441489797800,50.9003117,-1.3813058,"WJ29+4F Southampton, United Kingdom",Mechanical engineer
Piano Removal Services,Piano moving service,,,,,,,,,,"Southampton SO16 6PX, United Kingdom",,,Southampton,SO16 6PX,,GB,http://www.pianoremovalservices.com/,quote@pianoremovalservices.com,+44 7789 898683,+447789898683,50.9312491,-1.4270555,"WHJF+F5 Southampton, United Kingdom",Piano moving service
Relocate UK,Moving and storage service,,,,,,,,,,"8 The Blake Building, Ocean Way, Southampton SO14 3LN, United Kingdom",,"8 The Blake Building, Ocean Way",Southampton,SO14 3LN,,GB,http://www.relocate.uk.com/,info@relocate.uk.com,+44 23 8071 0920,+442380710920,50.8972693,-1.3912931,"VJW5+WF Southampton, United Kingdom",Moving and storage service
Home Run Removals Southampton,Mover,,,,,,,,,,"76 Hulton Cl, Southampton SO19 9TY, United Kingdom",,76 Hulton Cl,Southampton,SO19 9TY,,GB,https://homerunremovals.com/,info@homerunremovals.com,+44 7742 585609,+447742585609,50.8884572,-1.3773038,"VJQF+93 Southampton, United Kingdom",Mover
Sledges of Southampton Removals,Moving and storage service,Packaging contractors and services,Piano moving service,Transportation service,,,,,,,"91 Sullivan Rd, Sholing, Southampton SO19 0JQ, United Kingdom",Sholing,91 Sullivan Rd,Southampton,SO19 0JQ,,GB,https://www.sledgesofsouthampton.co.uk/,johnny@sledgesofsouthampton.co.uk,+44 7554 883717,+447554883717,50.8987704,-1.3366194,"VMX7+G9 Southampton, United Kingdom",Moving and storage service
Morgans Movers,Mover,Logistics service,Moving and storage service,Packaging company,Piano moving service,Storage facility,,,,,"90 Palm Rd, Southampton SO16 5HF, United Kingdom",,90 Palm Rd,Southampton,SO16 5HF,,GB,http://morgans-movers.com/,info.morgansmovers@gmail.com,+44 7833 341390,+447833341390,50.9360406,-1.4393584,"WHP6+C7 Southampton, United Kingdom",Mover
The Man In A Van Southampton,Moving and storage service,Mover,Storage facility,,man in a van,,,,,,"16 Portal Rd, Sholing, Southampton SO19 8LE, United Kingdom",Sholing,16 Portal Rd,Southampton,SO19 8LE,,GB,https://www.themaninavan.uk/,themaninavan@outlook.com,+44 7900 005611,+447900005611,50.9035611,-1.353113,"WJ3W+CQ Southampton, United Kingdom",Moving and storage service
Just Coolers Southampton,Contractor,Air conditioning contractor,Air conditioning system supplier,,,,,,,,"151 High St, Southampton SO14 2BT, United Kingdom",,151 High St,Southampton,SO14 2BT,,GB,http://just-coolers.com/air-conditioning-southampton/,sales@just-coolers.com,+44 23 8001 0395,+442380010395,50.9006485,-1.4041686,"WH2W+78 Southampton, United Kingdom",Contractor
Profile Brickwork Ltd,General contractor,,,,,,,,,,"Solent House, 107A Alma Rd, Portswood, Southampton SO14 6UY, United Kingdom",Portswood,"Solent House, 107A Alma Rd",Southampton,SO14 6UY,,GB,http://profilebrickwork.com/,enquiries@profilebrickwork.com,+44 23 8036 0790,+442380360790,50.9209709,-1.4028236,"WHCW+9V Southampton, United Kingdom",General contractor
Dam brickwork,Custom home builder,,,,,,,,,,"72 Cumbrian Way, Southampton SO16 4AU, United Kingdom",,72 Cumbrian Way,Southampton,SO16 4AU,,GB,http://www.dambrickwork.co.uk/,info@dambrickwork.co.uk,+44 23 8078 3414,+442380783414,50.9217895,-1.4508434,"WGCX+PM Southampton, United Kingdom",Custom home builder
Hauxy Brickwork LTD,Bricklayer,Carpenter,Demolition contractor,Electrician,Fence contractor,Landscaper,Painter,Plasterer,Roofing contractor,,"Cornwall Cres, Southampton SO18 2AQ, United Kingdom",,Cornwall Cres,Southampton,SO18 2AQ,,GB,http://www.hauxybrickworkltd.co.uk/,craig@hauxybrickworkltd.co.uk,+44 7377 128007,+447377128007,50.9286115,-1.3641132,"WJHP+C9 Southampton, United Kingdom",Bricklayer
Mason Bricklaying Ltd,Bricklayer,Construction company,Home builder,Masonry contractor,,,,,,,"34 Chiltern Grn, Southampton SO16 4AZ, United Kingdom",,34 Chiltern Grn,Southampton,SO16 4AZ,,GB,https://www.masonbricklaying.co.uk/,Info@masonbricklaying.co.uk,+44 7715 842928,+447715842928,50.9197763,-1.4539357,"WG9W+WC Southampton, United Kingdom",Bricklayer
HRG Tree Surgeons,Arborist service,Tree service,,,,,,,,,"Mountbatten House, Grosvenor Square, Southampton SO15 2JU, United Kingdom",,"Mountbatten House, Grosvenor Square",Southampton,SO15 2JU,,GB,https://www.hrgtreesurgeons.co.uk/,info@hrgtreesurgeons.co.uk,+44 23 8244 0473,+442382440473,50.9108824,-1.4066442,"WH6V+98 Southampton, United Kingdom",Arborist service
Jd Lod Driveways & Roofing,Paving contractor,Fence contractor,Gutter service,Landscaper,Roofing contractor,,,,,,"Flat E, 78 Shirley Rd, Southampton SO15 3EY, United Kingdom",,"Flat E, 78 Shirley Rd",Southampton,SO15 3EY,,GB,https://www.jdloddriveways.co.uk/,jdloddriveways@gmail.com,+44 23 8098 0654,+442380980654,50.9108144,-1.4199498,"WH6J+82 Southampton, United Kingdom",Paving contractor
EJM Building Services,Paving contractor,,,,,,,,,,"11, Royal mail house, Terminus Terrace, Southampton SO14 3FD, United Kingdom",,"11, Royal mail house, Terminus Terrace",Southampton,SO14 3FD,,GB,http://ejmbuildingservices.co.uk/,info@ejmbuildingservices.co.uk,+44 23 8124 7315,+442381247315,50.897598,-1.3973242,"VJX3+23 Southampton, United Kingdom",Paving contractor
D & S Surfacing Contractors,Paving contractor,Asphalt contractor,Landscaper,Road construction company,,,,,,,"63 Botany Bay Rd, Sholing, Southampton SO19 8FE, United Kingdom",Sholing,63 Botany Bay Rd,Southampton,SO19 8FE,,GB,http://dssurfacingcontractors.co.uk/,info@dssurfacingcontractors.co.uk,+44 23 8030 8762,+442380308762,50.8988781,-1.3533437,"VJXW+HM Southampton, United Kingdom",Paving contractor
Test Valley Driveways ltd,Paving contractor,,,,,,,,,,"15 Rockstone Pl, Southampton SO15 2EP, United Kingdom",,15 Rockstone Pl,Southampton,SO15 2EP,,GB,https://testvalleydrivewayslimited.com/,info@testvalleydriveways.com,+44 23 8144 9720,+442381449720,50.9145976,-1.4029097,"WH7W+RR Southampton, United Kingdom",Paving contractor
Driveways Southampton,Paving contractor,,,,,,,,,,"Andersons Rd, Southampton SO14 5FE, United Kingdom",,Andersons Rd,Southampton,SO14 5FE,,GB,http://drivewaysouthampton.co.uk/,info@drivewaysouthampton.co.uk,+44 7480 549222,+447480549222,50.9002568,-1.3922003,"WJ25+44 Southampton, United Kingdom",Paving contractor
The Driveway Division,Paving contractor,,,,,,,,,,"Unit 20, Longbridge Industrial Park, Floating Bridge Rd, Southampton SO14 5FZ, United Kingdom",,"Unit 20, Longbridge Industrial Park, Floating Bridge Rd",Southampton,SO14 5FZ,,GB,https://www.thedrivewaydivision.co.uk/, info@thedrivewaydivision.co.uk,+44 23 8046 3778,+442380463778,50.8983892,-1.3883182,"VJX6+9M Southampton, United Kingdom",Paving contractor
"Tip Top Plumbing, Heating and Gas Services Ltd",Gas engineer,Heating contractor,Plumber,,,,,,,,"Upper Weston Ln, Southampton SO19 9HY, United Kingdom",,Upper Weston Ln,Southampton,SO19 9HY,,GB,http://www.tiptopboilers.co.uk/,leetiptopgas@gmail.com,+44 23 8057 1673,+442380571673,50.8944613,-1.3559832,"VJVV+QJ Southampton, United Kingdom",Gas engineer
Emit Heat Limited,Heating contractor,,,,,,,,,,"Charles Gordon House, Southampton SO15 2EB, United Kingdom",,Charles Gordon House,Southampton,SO15 2EB,,GB,https://www.emitheat.com/,mike@emitheat.com,+44 7495 438159,+447495438159,50.9147415,-1.404487,"WH7W+V6 Southampton, United Kingdom",Heating contractor
PrimeFlow Plumbing & Heating,Gas engineer,,,,,,,,,,"32 Foundry Ln, Southampton SO15 3FZ, United Kingdom",,32 Foundry Ln,Southampton,SO15 3FZ,,GB,https://tradehq.co.uk/primeflowplumbingheating,"
PrimeFlowHeating@outlook.com",+44 7985 656538,+447985656538,50.912894,-1.4331174,"WH78+5Q Southampton, United Kingdom",Gas engineer
AE Renewables ltd,Gas engineer,Boiler supplier,Gas installation service,Gasfitter,Heating contractor,Heating equipment supplier,Plumber,,,,"47 Ashmead Rd, Southampton SO16 5DJ, United Kingdom",,47 Ashmead Rd,Southampton,SO16 5DJ,,GB,https://aerenewables.co.uk/,hello@a-egas.com,+44 7706 445778,+447706445778,50.9343999,-1.4490188,"WHM2+Q9 Southampton, United Kingdom",Gas engineer
Combi-Nation Gas heating and plumbing,Gas engineer,Heating contractor,Plumber,,,,,,,,"390 Portsmouth Rd, Southampton SO19 9AS, United Kingdom",,390 Portsmouth Rd,Southampton,SO19 9AS,,GB,https://www.centralheatingsouthampton.co.uk/, info@combi-nationheating.co.uk,+44 23 8077 5666,+442380775666,50.8945527,-1.3526374,"VJVW+RW Southampton, United Kingdom",Gas engineer
Gas and Electricity Engineers,Electrician,,,,,,,,,,"151 High St, Southampton SO14 2BT, United Kingdom",,151 High St,Southampton,SO14 2BT,,GB,https://www.gasandelec.com/,sales@gasandelec.com,+44 23 8009 0892,+442380090892,50.9006485,-1.4041686,"WH2W+78 Southampton, United Kingdom",Electrician
MTV plumbing and heating ltd,Plumber,,,,,,,,,,"36 Hinton Cres, Thornhill, Southampton SO19 6GT, United Kingdom",Thornhill,36 Hinton Cres,Southampton,SO19 6GT,,GB,https://mtvpnh.co.uk/,info@mtvpnh.co.uk,+44 23 8111 2731,+442381112731,50.9052672,-1.3296085,"WM4C+45 Southampton, United Kingdom",Plumber
M King Roofing & Cladding ltd,Roofing contractor,Construction company,,,,,,,,,"4 Effingham Gardens, Sholing, Southampton SO19 8GG, United Kingdom",Sholing,4 Effingham Gardens,Southampton,SO19 8GG,,GB,http://mkingroofingandcladding.info/,Matthew@mkrc.info,+44 23 8043 7116,+442380437116,50.9038822,-1.3458403,"WM33+HM Southampton, United Kingdom",Roofing contractor
Handyman Services Southampton SHS Hants,Handyman/Handywoman/Handyperson,Electrician,Plumber,Roofing contractor,,,,,,,"84 Sullivan Rd, Sholing, Southampton SO19 0JL, United Kingdom",Sholing,84 Sullivan Rd,Southampton,SO19 0JL,,GB,http://www.shshants.co.uk/,info@shshants.co.uk,+44 23 8065 8677,+442380658677,50.8981581,-1.3374765,"VMX7+72 Southampton, United Kingdom",Handyman/Handywoman/Handyperson
HD Homes,Home builder,,,,,,,,,,"Bitterne Rd W, Southampton SO18 1AP, United Kingdom",,Bitterne Rd W,Southampton,SO18 1AP,,GB,https://www.hdhomes.co.uk/,homedevelopments2001@gmail.com,+44 7760 154130,+447760154130,50.9179033,-1.3798493,"WJ9C+53 Southampton, United Kingdom",Home builder
AOM Building Contractors Ltd,General contractor,Bricklayer,Carpenter,Construction company,,,,,,,"237 Manor Farm Rd, Southampton SO18 1NY, United Kingdom",,237 Manor Farm Rd,Southampton,SO18 1NY,,GB,http://www.aombuild.com/,enquiries@aombuild.com,+44 7496 539173,+447496539173,50.9320233,-1.3735345,"WJJG+RH Southampton, United Kingdom",General contractor
Gogo Deco LTD,Painter,,,,,,,,,,"521 Hinkler Rd, Thornhill, Southampton SO19 6DJ, United Kingdom",Thornhill,521 Hinkler Rd,Southampton,SO19 6DJ,,GB,http://www.gogo-deco.co.uk/,info@gogo-deco.co.uk,+44 7481 842933,+447481842933,50.9077595,-1.3417857,"WM55+47 Southampton, United Kingdom",Painter
Chameleon Brick Services Ltd,Construction company,,,,,,,,,,"10 Sedgewick Rd, Sholing, Southampton SO19 8HD, United Kingdom",Sholing,10 Sedgewick Rd,Southampton,SO19 8HD,,GB,https://www.chameleon-brick.co.uk/,enquiries@chameleon-brick.co.uk,,,50.9071306,-1.3454589,"WM43+VR Southampton, United Kingdom",Construction company
Sginstallations,Contractor,,,,,,,,,,"382 Butts Rd, Sholing, Southampton SO19 1BW, United Kingdom",Sholing,382 Butts Rd,Southampton,SO19 1BW,,GB,https://sginstallations.co.uk/,info@sginstallations.co.uk,+44 7917 673934,+447917673934,50.9022771,-1.3411544,"WM25+WG Southampton, United Kingdom",Contractor
D&D REMOVALS,Moving and storage service,Courier service,Delivery service,Mover,Shipping company,,Removals,,,,"Tunstall Rd, Southampton SO19 6NT, United Kingdom",,Tunstall Rd,Southampton,SO19 6NT,,GB,https://www.d-d-removals.co.uk/,info@dd-removals.co.uk,+44 7450 392596,+447450392596,50.9042263,-1.3310031,"WM39+MH Southampton, United Kingdom",Moving and storage service
"UK TIMBERSOLUTION - oak porches, oak trusses, oak pergolas, oak gazebos, oak bespoke design",Manufacturer,Carport and pergola builder,Custom home builder,Design engineer,Garage builder,Gazebo builder,Pagoda,Truss manufacturer,,,"106 Bassett Green Rd, Southampton SO16 3EF, United Kingdom",,106 Bassett Green Rd,Southampton,SO16 3EF,,GB,https://timbersolution.co.uk/,info@timbersolution.co.uk,+44 7903 998582,+447903998582,50.9436756,-1.3873623,"WJV7+F3 Southampton, United Kingdom",Manufacturer
Michael Rose Builders,Home builder,,,,,,,,,,"20 Hillside Ave, Southampton SO18 1JY, United Kingdom",,20 Hillside Ave,Southampton,SO18 1JY,,GB,https://michaelrosebuilders.co.uk/,info@michaelrosebuilders.co.uk,+44 7812 609983,+447812609983,50.9260056,-1.3733259,"WJGG+CM Southampton, United Kingdom",Home builder
Ideal Ceramic Specialists Ltd,Tile contractor,Tile store,tiler,,,,,,,,"3A, High Rd, Swaythling, Southampton SO16 2HW, United Kingdom",Swaythling,"3A, High Rd",Southampton,SO16 2HW,,GB,http://www.ideal-tiling.com/,idealceramicspecialistsltd@gmail.com,+44 23 8067 7213,+442380677213,50.9405482,-1.3790716,"WJRC+69 Southampton, United Kingdom",Tile contractor
All Seasons Tree and Garden Care,Tree service,,,,,,,,,,"Palm Rd, Southampton SO16 5HF, United Kingdom",,Palm Rd,Southampton,SO16 5HF,,GB,https://www.allseasonstreeandgardencare.com/,allseasontreegardencare@gmail.com,+44 7480 865116,+447480865116,50.9360435,-1.4392425,"WHP6+C8 Southampton, United Kingdom",Tree service
Locks Heath Removals Limited,Shipping company,,,,,,,,,,"5 Swanage Cl, Itchen, Southampton SO19 2EW, United Kingdom",Itchen,5 Swanage Cl,Southampton,SO19 2EW,,GB,https://www.locksheathremovals.co.uk/,lhrrelocations@btinternet.com,+44 7860 828080,+447860828080,50.901252,-1.3740085,"WJ2G+G9 Southampton, United Kingdom",Shipping company
First Call Rubbish,Waste management service,waste removals,,,,,,,,,"Warren Ave, Shirley Warren, Southampton SO16 6AE, United Kingdom",Shirley Warren,Warren Ave,Southampton,SO16 6AE,,GB,https://www.firstcallrubbish.co.uk/,"
info@firstcallrubbish.co.uk",+44 7502 093081,+447502093081,50.9301455,-1.4386415,"WHJ6+3G Southampton, United Kingdom",Waste management service
A1 Flat Pack Furniture Assemblers,Handyman/Handywoman/Handyperson,,,,,,,,,,"62a Romsey Rd, Shirley, Southampton SO16 4DB, United Kingdom",Shirley,62a Romsey Rd,Southampton,SO16 4DB,,GB,https://mondayant.wixsite.com/A1FLATPACKFURNITUREA,mondayant@gmail.com,+44 7970 097454,+447970097454,50.9248844,-1.4379405,"WHF6+XR Southampton, United Kingdom",Handyman/Handywoman/Handyperson
Handyman Southampton,Handyman/Handywoman/Handyperson,Carpenter,Deck builder,Electrician,Service establishment,Fence contractor,Locksmith,Plumber,,,,,,,,,,https://wefix24.co.uk/,info@wefix24.co.uk,+44 7300 300155,+447300300155,50.9230466,-1.418056,,Handyman/Handywoman/Handyperson
VIGO TRANSPORT LTD REMOVALS AND HOUSE CLEARANCE,Moving and storage service,,,,,,,,,,"40 Danebury Way, Southampton SO16 0YF, United Kingdom",,40 Danebury Way,Southampton,SO16 0YF,,GB,https://www.vigotransport.co.uk/,info@vigotransport.co.uk,+44 7857 710628,+447857710628,50.936204,-1.4654351,"WGPM+FR Southampton, United Kingdom",Moving and storage service
Wyldewood Tree & Garden Ltd,Arborist service,Service establishment,Landscape designer,Landscaper,Surveyor,,,,,,,,,,,,,http://www.wyldewoodtrees.co.uk/,info@wyldewoodtrees.co.uk,+44 7437 188146,+447437188146,50.9138207,-1.4004929,,Arborist service
Delta Trees Ltd,Tree service,,,,,,,,,,"29 Rownhams Rd, Southampton SO16 5DX, United Kingdom",,29 Rownhams Rd,Southampton,SO16 5DX,,GB,http://deltatrees.co.uk/,deltatrees@gmail.com,+44 7707 329178,+447707329178,50.9328325,-1.4477894,"WHM2+4V Southampton, United Kingdom",Tree service
HS PLUMBING AND ELECTRICAL,Plumber,Drainage service,Electrician,Handyman/Handywoman/Handyperson,,,,,,,"25 Rockleigh Rd, Southampton SO16 7AQ, United Kingdom",,25 Rockleigh Rd,Southampton,SO16 7AQ,,GB,https://hsplumbing-electrical.com/,admin@hsplumbing-electrical.com,+44 7733 952082,+447733952082,50.9358782,-1.418062,"WHPJ+9Q Southampton, United Kingdom",Plumber
Complete gardening and landscaping services,Landscaper,,,,,,,,,,"21 Honeysuckle Rd, Southampton SO16 3HS, United Kingdom",,21 Honeysuckle Rd,Southampton,SO16 3HS,,GB,http://completegardeningandlandscaping.co.uk/,info@complete.com,+44 7511 117716,+447511117716,50.9389784,-1.3963343,"WJQ3+HF Southampton, United Kingdom",Landscaper
A.P.Smith Roofing,Roofing contractor,,,,,,,,,,"156 Somerset Ave, Southampton SO18 5FT, United Kingdom",,156 Somerset Ave,Southampton,SO18 5FT,,GB,http://www.apsmithroofing.co.uk/,paul@apsmithroofing.co.uk,+44 7803 116668,+447803116668,50.9198098,-1.3408143,"WM95+WM Southampton, United Kingdom",Roofing contractor
Innovation Bathrooms and Kitchens Ltd,Bathroom remodeler,Kitchen supply store,Plumber,,,,,,,,"We are located upstairs of ON THE TILES, 542 Millbrook Rd W, Millbrook, Southampton SO15 0JU, United Kingdom",Millbrook,"We are located upstairs of ON THE TILES, 542 Millbrook Rd W",Southampton,SO15 0JU,,GB,https://innovation-bathrooms.com/,"	
showroom@innovation-bathrooms.com",+44 23 8017 3466,+442380173466,50.9142397,-1.4513455,"WG7X+MF Southampton, United Kingdom",Bathroom remodeler
Quaystone Projects Ltd,Construction company,,,,,,,,,,"Unit 7, Trinity Industrial Estate, Millbrook Rd W, Millbrook, Southampton SO15 0LA, United Kingdom",Millbrook,"Unit 7, Trinity Industrial Estate, Millbrook Rd W",Southampton,SO15 0LA,,GB,http://www.quaystoneprojects.co.uk/,enquiries@quaystoneprojects.co.uk,+44 23 8001 6244,+442380016244,50.9158819,-1.4527604,"WG8W+9V Southampton, United Kingdom",Construction company
Billys Broken Branches Tree Care,Tree service,Arborist service,Service establishment,,,24/7 service,tree surgent,,,,,,,,,,,http://www.billysbrokenbranches.co.uk/,billysbrokenbranches@gmail.com,+44 23 8111 2768,+442381112768,50.9216321,-1.3536301,,Tree service
