Company name,Email,Reviews
ALS Roofing Southern Ltd,info@als-building-services.co.uk,
Baffins Building & Roofing Services,enquiries@baffinsbuilders.co.uk,
Hampshire Roofer,contact@hampshire-roofer.co.uk,
Paine Manwaring,enquiries@painemanwaring.co.uk,
London Building Contractors,info@londonbuildingcontractors.co.uk,
Essex and London Construction,info@essexandlondonconstruction.com,
Londonwide Construction,rad@londonwide-construction.com,
Forest Homes Development Ltd,info@foresthomesdevelopment.co.uk,
"ALS Roofing Southern Ltd, Roofers, Portsmouth, Hampshire, Roofing Contractors",info@als-building-services.co.uk,
Heating Engineers Portsmouth | Here 4 Heat,info@here4heat.com,133 reviews
Heating Engineers Portsmouth | Here 4 Heat,info@here4heat.co.uk,133 reviews
Impervious Roofing,info@imperviousroofing.co.uk,
Heating | E C Cole,eccole.heating@outlook.com,2 reviews
Roofers Portsmouth | Roof Repairs | R&S Roofing & Cladding,info@randsroofing.co.uk,
SCS Roofing | Commercial Roofing Contractors Portsmouth,info@scsroofing.com,
Worthing Roofing | Roof Repairs & New Roofs | Bespoke Roofing — Bespoke Roofing & Renovati,cameron@bespoke-roofing.com,review-06328
Portsmouth Plumbers and Heating Engineers | Tyrone Guy,hello@tyroneguy.co.uk,
Roofing Solutions | Hampshire Roofing | Free Quotes,contact@hampshire-roofer.co.uk,
Pompey Plumb Ltd | Emergency Plumber Portsmouth,info@pompeyplumb.co.uk,
Roofing Worthing | Worthing Roofers - New Roof & Repairs,info@worthingroofer.co.uk,1 Review
Pro Plumbing & Gas,contact@plumbingngas.co.uk,Reviews 300
Homepage Introduction - Southern Flat & Pitched Roofing,info@sfpr.co.uk,
"Roofers in Goring, New Roof Installation in Worthing",info@totalroofingandbuildingltd.co.uk,
Local Roof Repair Portsmouth | 24/7 Roofers,info@eliteroofingandgutteringltd.co.uk,
Building & Roofing Services In Portsmouth - Baffins Building & Roofing Service,enquiries@baffinsbuilders.co.uk,
Roofers Near Me Portsmouth,info@safeguardroofingandbuildingltd.co.uk,
"London Construction Companies, London Construction Builders",hi@typemade.mx,
"London Construction Companies, London Construction Builders",info@essexandlondonconstruction.com,
"London Construction Companies, London Construction Builders",excavations@www.essexandlondonconstruction.com,
"London Construction Companies, London Construction Builders",excavators@www.essexandlondonconstruction.com,
NPH Bennett Building & Roofing Contractors Ltd,admin@nphbennett.com,
Plasterer Hampshire | Cheap Plastering Services In Hampshire,jameswilson2511@icloud.com,115 reviews
"Access Building Contractors | Main Contractor in London | 107-115 Eastmoor Street, London",info@litahomes.com,
"Access Building Contractors | Main Contractor in London | 107-115 Eastmoor Street, London",info@ab-contractors.com,
Hawksmoor Construction | Building Contractor | Renovations | London,info@hawksmoorltd.co.uk,
Electrician and Electrical Services | Plumberoo,info@plumberoo.co.uk,
PDP Services - Domestic | Commercial | Emergency | Electrician | Plumber,info@pdp.services,
PDP Services - Domestic | Commercial | Emergency | Electrician | Plumber,info@hiesscheme.org.uk,
Contact Us - London Building Contractors,info@londonbuildingcontractors.co.uk,
Construction Companies London ? High End Builders | Local Contractors,info@xmxlondon.co.uk,
"Domestic Heating, Plumbing & Electrical | Paine Manwaring",enquiries@painemanwaring.co.uk,
"Domestic Heating, Plumbing & Electrical | Paine Manwaring",you@yourcompany.com,
Builders London | Building Company | Lofts | Extensions,info@london-contractors.co.uk,
Worthing Roofing Contractors | Royal Roofing Services,info@royalroofingservices.co.uk,
Contact Us - London Construction Contractor,info@lccontractor.co.uk,
Contact us,info@mylondonplumbers.co.uk,
Sussex Roofers & Contractors | Royal Roofing Services,info@royalroofingservices.co.uk,
Aquadition | Domestic and Commercial water softeners,sales@aquadition.co.uk,
Mayfair Plumbers London: Plumbing & Heating Services,info@mayfairplumbers.london,
Mayfair Plumbers London: Plumbing & Heating Services,emailname@gmail.com,
Builders East London: Contact Us,info@builders-eastlondon.co.uk,
London Electrician,info@contactelectrician.co.uk,196 Reviews
Professional Electrician Services in London - OW Electrician London,info@owelectric.co.uk,Reviews 10
Building Contractors Sevenoaks | Trusted Local Builders,matt@pixelspread.com,
Building Contractors Sevenoaks | Trusted Local Builders,impallari@gmail.com,
Building Contractors Sevenoaks | Trusted Local Builders,hello@rfuenzalida.com,
Building Contractors Sevenoaks | Trusted Local Builders,info@buildersoflondon.com,
Contact Innercity Plumbers in London - Innercity Plumbers Ltd,info@plumbingheatinglondon.co.uk,
Contact Innercity Plumbers in London - Innercity Plumbers Ltd,info@innercityplumbers.com,
Contact Innercity Plumbers in London - Innercity Plumbers Ltd,info@innercityplumbers.co.uk,
"Heating, Plumbing & Electrical Services | Paine Manwaring",enquiries@painemanwaring.co.uk,
"Heating, Plumbing & Electrical Services | Paine Manwaring",you@yourcompany.com,
Builder London- House Builders in London | Building Contractors UK,info@builder-london.com,
Contact Us,emailinfo@emergencyplumb.co.uk,
Contact Us,info@emergencyplumb.co.uk,
Contact a Trusted Electrician in North LondonRe-Electrical,info@electrician-north-london.co.uk,
Expert Roofers London - We Fix Your Roof (Get Quote),info@expertrooferslondon.co.uk,60 reviews
Contact Us - Electricians London,info@electricianslondon.org,
Plumbers London | Local London Plumber | Staunch & Flow,info@staunchandflow.co.uk,
Plumbers London | Local London Plumber | Staunch & Flow,sales@staunchandflow.co.uk,
Plumbers London | Local London Plumber | Staunch & Flow,jackg@uwpgroup.co.uk,
Plumbers London | Local London Plumber | Staunch & Flow,andrew@uwpgroup.co.uk,
Contact us,info@builders-team.co.uk,
London Electricians | Same Day Services,sales@pimlicoplumbers.com,
London Electricians | Same Day Services,recruitment@pimlicoplumbers.com,
London Electricians | Same Day Services,franchiseerecruitment@pimlicoplumbers.com,
London Electricians | Same Day Services,accounts@pimlicoplumbers.com,
Contact us | LED (London Electricians Direct),info@londonelectriciansdirect.co.uk,
Contact ELITES BUILDERS LONDON LTD - Elite Builders London LT,info@elitebuilderslondon.co.uk,
Contact Us | London,info@buildersrus.co.uk,
"Expert Plasterer in Wimbledon, Merton & Wandsworth",info@jdplasteringspecialists.co.uk,
"Expert Plasterer in Wimbledon, Merton & Wandsworth",20info@jdplasteringspecialists.co.uk,
Roofing Worthing - New Roofs & Repairs | Seal Roofing,info@sealroofing.co.uk,
Contact a Roofer in North London | Expert Roofers,info@decentroofing.co.uk,
Contact a Roofer in North London | Expert Roofers,info@northlondonroofer.com,
Home - L Jeffery Roofing Haringey | Enfield | Crouch End,info@ljefferyroofing.com,
Bright Builders LTD | Building & Home Improvements North London,info@brightbuildersltd.co.uk,
Contact us - Premier Builders London,info@pblltd.co.uk,
No.1 Builders in London | Professional Building Services,info@redlinebuilding.co.ukour,0 Reviews
No.1 Builders in London | Professional Building Services,info@redlinebuilding.co.uk,0 Reviews
No.1 Builders in London | Professional Building Services,u00a0info@redlinebuilding.co.uk,0 Reviews
Heating Engineers Portsmouth - Delaney Plumbing,info@delaneyplumbing.co.uk,
Trusted Roofing Company in London | Flat & Full Roof Solutions,info@courtneyroofing.com,
